{
  "version": 2,
  "name": "romsstrade-login",
  "builds": [
    {
      "src": "**/*",
      "use": "@vercel/static"
    }
  ],
  "routes": [
    {
      "src": "/admin",
      "dest": "/index.html"
    },
    {
      "src": "/admin/(.*)",
      "dest": "/$1"
    },
    {
      "src": "/login",
      "dest": "/index.html"
    },
    {
      "src": "/login/(.*)",
      "dest": "/$1"
    },
    {
      "src": "/(.*)",
      "dest": "/$1"
    }
  ],
  "headers": [
    {
      "source": "/(.*)",
      "headers": [
        {
          "key": "X-Frame-Options",
          "value": "DENY"
        },
        {
          "key": "X-Content-Type-Options",
          "value": "nosniff"
        },
        {
          "key": "Referrer-Policy",
          "value": "strict-origin-when-cross-origin"
        }
      ]
    }
  ],
  "redirects": [
    {
      "source": "/",
      "destination": "/admin",
      "permanent": false
    }
  ]
}
